Name,RA,DEC,Ever Observable(I-LOFAR),Always Observable(I-LOFAR),Ever Observable(LOFAR-SE),Always Observable(LOFAR-SE),Fraction of observable time (I-LOFAR),Fraction of observable time (LOFAR-SE)
TIC346929661,0.06517,59.334681,True,True,True,True,1.0,1.0
TIC347013211,0.074617,54.934497,True,True,True,False,1.0,0.6276595744680851
TIC396356111,0.17330399999999999,58.489439000000004,True,True,True,False,1.0,0.925531914893617
TIC461387302,0.201453,66.65052299999999,True,True,True,True,1.0,1.0
TIC403256331,0.283289,58.679253,True,True,True,False,1.0,0.9468085106382979
TIC327579226,0.315749,57.200629000000006,True,True,True,False,1.0,0.8085106382978723
TIC403308915,0.34659,55.542814,True,True,True,False,1.0,0.6808510638297872
TIC407059875,0.364636,66.16811899999999,True,True,True,True,1.0,1.0
TIC354600221,0.404978,57.881718000000006,True,True,True,False,1.0,0.8723404255319149
TIC444415148,0.42059399999999997,62.543115,True,True,True,True,1.0,1.0
TIC418987806,0.43462799999999996,63.319412,True,True,True,True,1.0,1.0
TIC320506985,0.544238,54.654593999999996,True,True,True,False,1.0,0.6223404255319149
TIC284050395,0.599325,65.026035,True,True,True,True,1.0,1.0
TIC284441182,0.67261,61.213387,True,True,True,True,1.0,1.0
TIC420288086,0.7308479999999999,61.835626,True,True,True,True,1.0,1.0
TIC312259170,0.7361850000000001,59.464498,True,True,True,True,1.0,1.0
TIC445144327,0.7489439999999999,58.712058,True,True,True,False,1.0,0.9574468085106383
TIC445137888,0.7534930000000001,56.070057999999996,True,True,True,False,1.0,0.7287234042553191
TIC445254275,0.8144100000000001,59.386718,True,True,True,True,1.0,1.0
TIC312469860,0.858762,55.710926,True,True,True,False,1.0,0.7021276595744681
TIC285543785,0.881468,60.891684999999995,True,True,True,True,1.0,1.0
TIC285542903,0.8846700000000001,60.618111999999996,True,True,True,True,1.0,1.0
TIC312678993,0.90649,54.528009,True,True,True,False,1.0,0.6223404255319149
TIC52041724,0.941299,65.679038,True,True,True,True,1.0,1.0
TIC312862941,1.021436,55.69801,True,True,True,False,1.0,0.7074468085106383
TIC256414077,1.040433,60.715522,True,True,True,True,1.0,1.0
TIC468574941,1.0789959999999998,74.33130600000001,True,True,True,True,1.0,1.0
TIC53617134,1.1786729999999999,65.249648,True,True,True,True,1.0,1.0
TIC53709089,1.182447,61.09210699999999,True,True,True,True,1.0,1.0
TIC332154944,1.285242,57.51423199999999,True,True,True,False,1.0,0.8563829787234043
TIC422756130,1.461449,72.296615,True,True,True,True,1.0,1.0
TIC389900760,1.5671540000000002,65.513988,True,True,True,True,1.0,1.0
TIC71854745,1.753295,54.56844,True,True,True,False,1.0,0.6436170212765957
TIC370759867,1.8775700000000002,55.185970999999995,True,True,True,False,1.0,0.6861702127659575
TIC241076290,1.9355240000000002,52.58548199999999,True,True,True,False,1.0,0.5212765957446809
TIC250724252,2.233683,53.121508,True,True,True,False,1.0,0.5638297872340425
TIC348135793,2.291798,56.421490000000006,True,True,True,False,1.0,0.7872340425531915
TIC374400599,2.313193,64.356382,True,True,True,True,1.0,1.0
TIC348673213,2.387155,56.570014,True,True,True,False,1.0,0.8031914893617021
TIC249862365,2.541534,52.704091000000005,True,True,True,False,1.0,0.5425531914893617
TIC245462406,2.588113,55.703217,True,True,True,False,1.0,0.7393617021276596
TIC50120414,2.659407,62.43330600000001,True,True,True,True,1.0,1.0
TIC51024887,2.810346,62.18926,True,True,True,True,1.0,1.0
TIC302773669,2.829107,71.753088,True,True,True,True,1.0,1.0
TIC408618999,2.8956310000000003,69.101345,True,True,True,True,1.0,1.0
TIC285666479,2.907377,52.07103,True,True,True,False,1.0,0.5159574468085106
TIC251384275,2.9813490000000002,58.73524499999999,True,True,True,True,1.0,1.0
TIC376353509,3.026745,69.229924,True,True,True,True,1.0,1.0
TIC81831095,3.187109,61.762384999999995,True,True,True,True,1.0,1.0
TIC420645189,3.224695,75.26837900000001,True,True,True,True,1.0,1.0
TIC458914949,3.228228,61.90783100000001,True,True,True,True,1.0,1.0
TIC82010657,3.250211,60.238195,True,True,True,True,1.0,1.0
TIC259151170,3.356393,52.692112,True,True,True,False,1.0,0.5585106382978723
TIC316254876,3.4659230000000005,54.86561700000001,True,True,True,False,1.0,0.7021276595744681
TIC285674856,3.54642,51.884502000000005,True,True,True,False,1.0,0.5212765957446809
TIC87090944,3.8991059999999997,58.9683,True,True,True,True,1.0,1.0
TIC266500992,4.078149,52.256992,True,True,True,False,1.0,0.5531914893617021
TIC73104318,4.114774,58.465452,True,True,True,True,1.0,1.0
TIC102672709,4.115409,66.119599,True,True,True,True,1.0,1.0
TIC103195323,4.171532,75.17093100000001,True,True,True,True,1.0,1.0
TIC267694283,4.215335,53.68705,True,True,True,False,1.0,0.6382978723404256
TIC470315428,4.309899,52.86503199999999,True,True,True,False,1.0,0.5904255319148937
TIC85031598,4.356406,62.245206,True,True,True,True,1.0,1.0
TIC8400842,4.364639,57.817209,True,True,True,False,1.0,0.9521276595744681
TIC103448870,4.455666000000001,73.023689,True,True,True,True,1.0,1.0
TIC9837861,4.703239,54.292058,True,True,True,False,1.0,0.6914893617021277
TIC321041369,5.444737,56.963615000000004,True,True,True,False,1.0,0.9042553191489362
TIC468828873,6.124803,66.857699,True,True,True,True,1.0,1.0
TIC339538183,6.22126,63.685007999999996,True,True,True,True,1.0,1.0
TIC241225337,6.237237,53.135925,True,True,True,False,1.0,0.648936170212766
TIC138168780,6.31953,73.827567,True,True,True,True,1.0,1.0
TIC396740648,6.5165809999999995,66.360596,True,True,True,True,1.0,1.0
TIC149833117,6.975236,67.677336,True,True,True,True,1.0,1.0
TIC14336130,7.005555,56.82419399999999,True,True,True,False,1.0,0.925531914893617
TIC51234631,7.359202000000001,58.268108999999995,True,True,True,True,1.0,1.0
TIC470987100,7.45343,53.04526800000001,True,True,True,False,1.0,0.6702127659574468
TIC85242435,7.6230139999999995,61.153925,True,True,True,True,1.0,1.0
TIC71347873,7.706225,70.404076,True,True,True,True,1.0,1.0
TIC71431780,7.78648,68.476685,True,True,True,True,1.0,1.0
TIC356473034,7.801785000000001,50.225147,True,True,True,False,1.0,0.526595744680851
TIC53427308,7.925451,54.596601,True,True,True,False,1.0,0.7819148936170213
TIC285048486,8.040778999999999,64.79715300000001,True,True,True,True,1.0,1.0
TIC461662295,8.296444000000001,51.01037,True,True,True,False,1.0,0.574468085106383
TIC81212286,8.46884,56.42752900000001,True,True,True,False,1.0,0.925531914893617
TIC137500798,8.842334,82.92712,True,True,True,True,1.0,1.0
TIC302518439,8.941336,72.533275,True,True,True,True,1.0,1.0
TIC293617835,9.019831,55.85994,True,True,True,False,1.0,0.8936170212765957
TIC219698776,9.048843,71.636416,True,True,True,True,1.0,1.0
TIC457138169,9.42453,50.908874,True,True,True,False,1.0,0.5957446808510638
TIC86280613,9.448072,61.698995999999994,True,True,True,True,1.0,1.0
TIC287225295,9.600023,51.607784,True,True,True,False,1.0,0.6382978723404256
TIC147576037,9.622760000000001,68.458703,True,True,True,True,1.0,1.0
TIC137881699,10.038175,53.950824,True,True,True,False,1.0,0.7872340425531915
TIC142748283,10.107913,74.827211,True,True,True,True,1.0,1.0
TIC137906197,10.140186,55.53996,True,True,True,False,1.0,0.8936170212765957
TIC103633434,10.147884,69.27662,True,True,True,True,1.0,1.0
TIC103633672,10.148232,70.39455699999999,True,True,True,True,1.0,1.0
TIC252479260,10.378764,50.128710999999996,True,True,True,False,1.0,0.574468085106383
TIC355867695,10.476271,65.854199,True,True,True,True,1.0,1.0
TIC310981412,10.761852000000001,69.20078000000001,True,True,True,True,1.0,1.0
TIC349827430,10.793937,71.655732,True,True,True,True,1.0,1.0
TIC99834717,11.011147,64.96384499999999,True,True,True,True,1.0,1.0
TIC99869022,11.125377,61.352577000000004,True,True,True,True,1.0,1.0
TIC147950620,11.188097,69.964773,True,True,True,True,1.0,1.0
TIC147951030,11.19102,71.540754,True,True,True,True,1.0,1.0
TIC153949511,11.51652,66.796529,True,True,True,True,1.0,1.0
TIC900715901,11.599103,75.54662900000001,True,True,True,True,1.0,1.0
TIC138588540,11.758706,65.541314,True,True,True,True,1.0,1.0
TIC365938305,12.048433000000001,74.061009,True,True,True,True,1.0,1.0
TIC160268701,12.169245,77.352263,True,True,True,True,1.0,1.0
TIC224297258,12.337525,56.201409,True,True,True,False,1.0,0.9946808510638298
TIC224298134,12.35588,57.752364,True,True,True,True,1.0,1.0
TIC417931300,12.418237,60.418346,True,True,True,True,1.0,1.0
TIC417931607,12.434952000000001,61.258929,True,True,True,True,1.0,1.0
TIC148914726,12.470393,67.24003,True,True,True,True,1.0,1.0
TIC154568734,12.753193,72.12308399999999,True,True,True,True,1.0,1.0
TIC142276270,12.812327,64.855277,True,True,True,True,1.0,1.0
TIC198485881,12.982641000000001,77.661716,True,True,True,True,1.0,1.0
TIC229536616,13.054742,67.823436,True,True,True,True,1.0,1.0
TIC142381532,13.081315,63.753261,True,True,True,True,1.0,1.0
TIC232967440,13.178872,70.768024,True,True,True,True,1.0,1.0
TIC142387023,13.182082000000001,61.744849,True,True,True,True,1.0,1.0
TIC467179528,13.199772,65.833697,True,True,True,True,1.0,1.0
TIC232967666,13.21016,71.618138,True,True,True,True,1.0,1.0
TIC142394656,13.225906,62.30538000000001,True,True,True,True,1.0,1.0
TIC417948359,13.279747,49.861059000000004,True,True,True,False,1.0,0.6276595744680851
TIC232971294,13.296176,71.721051,True,True,True,True,1.0,1.0
TIC232976128,13.370772,66.308533,True,True,True,True,1.0,1.0
TIC298073824,13.422454,75.982713,True,True,True,True,1.0,1.0
TIC153951307,13.425489,68.83606800000001,True,True,True,True,1.0,1.0
TIC341544930,13.440978,65.306343,True,True,True,True,1.0,1.0
TIC286916251,13.559832,49.060843,True,True,True,False,1.0,0.5957446808510638
TIC286923464,13.567329999999998,53.728188,True,True,True,False,1.0,0.851063829787234
TIC153976959,13.569196,67.62123000000001,True,True,True,True,1.0,1.0
TIC219824469,13.629334,48.250122999999995,True,True,True,False,1.0,0.5585106382978723
TIC219436394,13.706230999999999,76.647981,True,True,True,True,1.0,1.0
TIC311035838,13.739601,48.028565,True,True,True,False,1.0,0.5478723404255319
TIC219462190,13.870197000000001,75.165261,True,True,True,True,1.0,1.0
TIC154089169,13.947814000000001,68.618204,True,True,True,True,1.0,1.0
TIC219466784,13.990560999999998,74.151228,True,True,True,True,1.0,1.0
TIC441642457,13.992154999999999,58.93291,True,True,True,True,1.0,1.0
TIC160045097,14.205251,74.41179100000001,True,True,True,True,1.0,1.0
TIC168699373,14.209591,47.014783,True,True,True,False,1.0,0.5159574468085106
TIC445859771,14.274723999999999,58.390253,True,True,True,True,1.0,1.0
TIC154383539,14.373477,55.334258999999996,True,True,True,False,1.0,0.973404255319149
TIC293687315,14.434922,59.444274,True,True,True,True,1.0,1.0
TIC233182695,14.602892,68.94069499999999,True,True,True,True,1.0,1.0
TIC298164705,14.622561,56.666183999999994,True,True,True,True,1.0,1.0
TIC288185138,14.856097,82.95225400000001,True,True,True,True,1.0,1.0
TIC219015370,14.872843,70.476557,True,True,True,True,1.0,1.0
TIC202426247,15.097114999999999,64.047682,True,True,True,True,1.0,1.0
TIC159244568,15.145332000000002,82.446925,True,True,True,True,1.0,1.0
TIC232540264,15.191191,71.841296,True,True,True,True,1.0,1.0
TIC283829553,15.237908,51.468846,True,True,True,False,1.0,0.7553191489361702
TIC202504234,15.354006,63.565284999999996,True,True,True,True,1.0,1.0
TIC272635712,15.410809,67.464751,True,True,True,True,1.0,1.0
TIC165763244,15.476033,55.18532,True,True,True,False,1.0,0.9893617021276596
TIC458478250,15.476443,66.358711,True,True,True,True,1.0,1.0
TIC116483514,15.529735999999998,47.055551,True,True,True,False,1.0,0.5425531914893617
TIC116483734,15.537722,47.860746,True,True,True,False,1.0,0.5797872340425532
TIC224313733,15.60661,57.890738,True,True,True,True,1.0,1.0
TIC272672133,15.616119,67.452579,True,True,True,True,1.0,1.0
TIC159781361,15.628784,48.955206,True,True,True,False,1.0,0.6329787234042553
TIC272679240,15.634153,69.017531,True,True,True,True,1.0,1.0
TIC405559035,15.657420000000002,55.153498,True,True,True,False,1.0,0.9893617021276596
TIC160440924,15.787792000000001,77.23264300000001,True,True,True,True,1.0,1.0
TIC272758199,15.821139000000002,71.442944,True,True,True,True,1.0,1.0
TIC159873822,15.861607000000001,52.306308,True,True,True,False,1.0,0.8138297872340425
TIC160487753,15.868787,74.40674200000001,True,True,True,True,1.0,1.0
TIC160491359,15.934460999999999,73.07392,True,True,True,True,1.0,1.0
TIC236714379,15.946764000000002,65.888838,True,True,True,True,1.0,1.0
TIC237099296,16.020132,68.9373,True,True,True,True,1.0,1.0
TIC237104103,16.088193,70.19004,True,True,True,True,1.0,1.0
TIC232982938,16.10415,69.621802,True,True,True,True,1.0,1.0
TIC160039081,16.105414,53.514641000000005,True,True,True,False,1.0,0.8936170212765957
TIC232982558,16.117596,67.87764,True,True,True,True,1.0,1.0
TIC207425167,16.183192000000002,58.294553,True,True,True,True,1.0,1.0
TIC207425203,16.194623999999997,58.477001,True,True,True,True,1.0,1.0
TIC287080092,16.23259,63.533530000000006,True,True,True,True,1.0,1.0
TIC230075227,16.291797,68.894664,True,True,True,True,1.0,1.0
TIC198178505,16.292151,61.368246,True,True,True,True,1.0,1.0
TIC198187049,16.381930999999998,61.694835999999995,True,True,True,True,1.0,1.0
TIC198186769,16.387867,62.925121,True,True,True,True,1.0,1.0
TIC207468071,16.393862,54.690077,True,True,True,False,1.0,0.973404255319149
TIC230086768,16.441605,66.144224,True,True,True,True,1.0,1.0
TIC162689341,16.446136,51.041133,True,True,True,False,1.0,0.7606382978723404
TIC198206613,16.469564000000002,63.499098,True,True,True,True,1.0,1.0
TIC230087585,16.475042000000002,69.030975,True,True,True,True,1.0,1.0
TIC230088370,16.490446,71.505872,True,True,True,True,1.0,1.0
TIC159510109,16.502316,80.30775600000001,True,True,True,True,1.0,1.0
TIC207501148,16.510475,56.399868999999995,True,True,True,True,1.0,1.0
TIC232568235,16.511132999999997,49.046789000000004,True,True,True,False,1.0,0.6595744680851063
TIC233009109,16.550216,72.925534,True,True,True,True,1.0,1.0
TIC198211976,16.555552,63.524496,True,True,True,True,1.0,1.0
TIC198213332,16.562236,61.718332999999994,True,True,True,True,1.0,1.0
TIC198212955,16.570220000000003,60.195927000000005,True,True,True,True,1.0,1.0
TIC233497719,16.634666,77.756401,True,True,True,True,1.0,1.0
TIC198241702,16.646442999999998,64.55918100000001,True,True,True,True,1.0,1.0
TIC367739494,16.692199,80.04588000000001,True,True,True,True,1.0,1.0
TIC233500935,16.715993,76.449587,True,True,True,True,1.0,1.0
TIC230127302,16.741058,70.429992,True,True,True,True,1.0,1.0
TIC462615350,16.741279000000002,60.086043000000004,True,True,True,True,1.0,1.0
TIC289539327,16.775565,65.71503,True,True,True,True,1.0,1.0
TIC289580577,16.831322,61.173577,True,True,True,True,1.0,1.0
TIC115446313,16.831459,47.316983,True,True,True,False,1.0,0.5851063829787234
TIC199688472,16.876022,57.97415,True,True,True,True,1.0,1.0
TIC289590465,16.896186,65.293961,True,True,True,True,1.0,1.0
TIC287139872,16.897432000000002,60.709619999999994,True,True,True,True,1.0,1.0
TIC356016119,16.942836,70.027316,True,True,True,True,1.0,1.0
TIC356700488,16.96371,68.69958100000001,True,True,True,True,1.0,1.0
TIC224596152,16.966886,57.305263000000004,True,True,True,True,1.0,1.0
TIC459969957,16.987744,65.747438,True,True,True,True,1.0,1.0
TIC459970307,16.994936,64.699211,True,True,True,True,1.0,1.0
TIC224600500,16.997239,58.462633,True,True,True,True,1.0,1.0
TIC367753709,17.026714000000002,79.067126,True,True,True,True,1.0,1.0
TIC459978312,17.037694000000002,64.600893,True,True,True,True,1.0,1.0
TIC198356533,17.075917,56.842549,True,True,True,True,1.0,1.0
TIC219850915,17.085304,69.519093,True,True,True,True,1.0,1.0
TIC198360694,17.106745,57.661032999999996,True,True,True,True,1.0,1.0
TIC219852882,17.108178,68.843303,True,True,True,True,1.0,1.0
TIC307956397,17.110818,63.778634999999994,True,True,True,True,1.0,1.0
TIC219852584,17.11148,67.871503,True,True,True,True,1.0,1.0
TIC219854185,17.118043,70.23848100000001,True,True,True,True,1.0,1.0
TIC237108272,17.14263,78.587055,True,True,True,True,1.0,1.0
TIC219857012,17.155258,71.876672,True,True,True,True,1.0,1.0
TIC219860288,17.183155,71.87220400000001,True,True,True,True,1.0,1.0
TIC198384408,17.185672,56.658901,True,True,True,True,1.0,1.0
TIC441732151,17.191782999999997,72.13555500000001,True,True,True,True,1.0,1.0
TIC198385543,17.196998,54.527848,True,True,True,False,1.0,0.9840425531914894
TIC198390247,17.214885,57.197778,True,True,True,True,1.0,1.0
TIC441739020,17.267817,72.161181,True,True,True,True,1.0,1.0
TIC232612416,17.268239,63.10560699999999,True,True,True,True,1.0,1.0
TIC441738827,17.283635999999998,72.747023,True,True,True,True,1.0,1.0
TIC441739871,17.304278,74.30272099999999,True,True,True,True,1.0,1.0
TIC233680651,17.353537,63.239281999999996,True,True,True,True,1.0,1.0
TIC233681149,17.357654,65.012281,True,True,True,True,1.0,1.0
TIC233684293,17.384192000000002,63.110741000000004,True,True,True,True,1.0,1.0
TIC233684822,17.393526,64.862363,True,True,True,True,1.0,1.0
TIC219879302,17.40863,67.989121,True,True,True,True,1.0,1.0
TIC219751469,17.413323000000002,61.423520999999994,True,True,True,True,1.0,1.0
TIC188768068,17.423306,52.790471999999994,True,True,True,False,1.0,0.8776595744680851
TIC441765914,17.424993,75.88228000000001,True,True,True,True,1.0,1.0
TIC198456933,17.455784,58.214352000000005,True,True,True,True,1.0,1.0
TIC198457103,17.461402,57.51055699999999,True,True,True,True,1.0,1.0
TIC219762508,17.507018,63.123014000000005,True,True,True,True,1.0,1.0
TIC219776325,17.569561,61.121472,True,True,True,True,1.0,1.0
TIC219778329,17.590138,64.38013199999999,True,True,True,True,1.0,1.0
TIC441798995,17.60986,77.126216,True,True,True,True,1.0,1.0
TIC321668398,17.617535,53.021275,True,True,True,False,1.0,0.8936170212765957
TIC321669174,17.620151,53.025567,True,True,True,False,1.0,0.898936170212766
TIC441797803,17.625263,73.261193,True,True,True,True,1.0,1.0
TIC270515566,17.630269000000002,47.230289,True,True,True,False,1.0,0.601063829787234
TIC320525204,17.664103,56.078972,True,True,True,True,1.0,1.0
TIC1400770435,17.664103,56.078974,True,True,True,True,1.0,1.0
TIC332477926,17.706287,57.447770999999996,True,True,True,True,1.0,1.0
TIC165527918,17.742247,54.090970999999996,True,True,True,False,1.0,0.9627659574468085
TIC165530380,17.76043,59.514199,True,True,True,True,1.0,1.0
TIC233211762,17.779072,70.784502,True,True,True,True,1.0,1.0
TIC165551882,17.784489,57.226662,True,True,True,True,1.0,1.0
TIC165554103,17.795438,55.872814,True,True,True,True,1.0,1.0
TIC341815197,17.820478,54.415932,True,True,True,False,1.0,0.9893617021276596
TIC341815767,17.834681,54.636127,True,True,True,True,1.0,1.0
TIC356311210,17.867738,53.730699,True,True,True,False,1.0,0.9468085106382979
TIC219821826,17.868636,62.79094,True,True,True,True,1.0,1.0
TIC233047097,17.910726999999998,60.356411,True,True,True,True,1.0,1.0
TIC233059608,17.987159,64.14264399999999,True,True,True,True,1.0,1.0
TIC233066156,18.018507,61.347153000000006,True,True,True,True,1.0,1.0
TIC233068569,18.037206,63.54963000000001,True,True,True,True,1.0,1.0
TIC233071926,18.049287,60.417638000000004,True,True,True,True,1.0,1.0
TIC233071822,18.053736999999998,60.675192,True,True,True,True,1.0,1.0
TIC229586455,18.091235,75.145628,True,True,True,True,1.0,1.0
TIC233078665,18.107459,62.176751,True,True,True,True,1.0,1.0
TIC233087860,18.146929999999998,60.678188,True,True,True,True,1.0,1.0
TIC298647682,18.150949,53.217729000000006,True,True,True,False,1.0,0.9202127659574468
TIC288516853,18.233154000000003,80.658462,True,True,True,True,1.0,1.0
TIC233120979,18.235283,62.858243,True,True,True,True,1.0,1.0
TIC356978132,18.252114000000002,56.878102,True,True,True,True,1.0,1.0
TIC229608594,18.300804,74.466535,True,True,True,True,1.0,1.0
TIC406855039,18.324701,71.248626,True,True,True,True,1.0,1.0
TIC233688779,18.359573,62.369002,True,True,True,True,1.0,1.0
TIC356867115,18.390836,71.581748,True,True,True,True,1.0,1.0
TIC233720539,18.425286,63.488103,True,True,True,True,1.0,1.0
TIC233721037,18.426270000000002,64.636881,True,True,True,True,1.0,1.0
TIC367855829,18.457876000000002,73.264575,True,True,True,True,1.0,1.0
TIC353782445,18.462526,55.755753000000006,True,True,True,True,1.0,1.0
TIC1551345500,18.486201,55.313106999999995,True,True,True,True,1.0,1.0
TIC233735068,18.498457000000002,61.049501,True,True,True,True,1.0,1.0
TIC288631580,18.528346,82.305949,True,True,True,True,1.0,1.0
TIC298663873,18.529575,56.650679000000004,True,True,True,True,1.0,1.0
TIC298666530,18.559994,58.205529000000006,True,True,True,True,1.0,1.0
TIC229715760,18.599301999999998,70.16075699999999,True,True,True,True,1.0,1.0
TIC359496368,18.606733,55.391787,True,True,True,True,1.0,1.0
TIC288636342,18.630957000000002,78.61111,True,True,True,True,1.0,1.0
TIC288636599,18.649632999999998,79.23835,True,True,True,True,1.0,1.0
TIC229742722,18.655451,69.522873,True,True,True,True,1.0,1.0
TIC229747848,18.688445,70.290054,True,True,True,True,1.0,1.0
TIC229750058,18.711945,66.303112,True,True,True,True,1.0,1.0
TIC229650439,18.728251999999998,74.937833,True,True,True,True,1.0,1.0
TIC232635922,18.742419,54.949899,True,True,True,True,1.0,1.0
TIC233541860,18.746525,62.685643999999996,True,True,True,True,1.0,1.0
TIC232641326,18.763281,56.381701,True,True,True,True,1.0,1.0
TIC48018596,18.771746,50.492466,True,True,True,False,1.0,0.7819148936170213
TIC424391516,18.771843,75.30336700000001,True,True,True,True,1.0,1.0
TIC232650365,18.784514,54.910681999999994,True,True,True,True,1.0,1.0
TIC288735205,18.806678,79.256476,True,True,True,True,1.0,1.0
TIC229770036,18.811557,70.840191,True,True,True,True,1.0,1.0
TIC394029948,18.815309,78.568946,True,True,True,True,1.0,1.0
TIC48188920,18.828054,48.098942,True,True,True,False,1.0,0.6648936170212766
TIC1717732429,18.831636,55.26639,True,True,True,True,1.0,1.0
TIC232679662,18.831636,55.26639300000001,True,True,True,True,1.0,1.0
TIC233602827,18.849149,64.419466,True,True,True,True,1.0,1.0
TIC394050135,18.853017,82.245414,True,True,True,True,1.0,1.0
TIC229781583,18.902369,69.633534,True,True,True,True,1.0,1.0
TIC236815160,18.909166,59.76319300000001,True,True,True,True,1.0,1.0
TIC233617847,18.919636999999998,64.53137,True,True,True,True,1.0,1.0
TIC229787062,18.934845000000003,70.25412,True,True,True,True,1.0,1.0
TIC267574918,18.961045000000002,53.509024,True,True,True,False,1.0,0.9574468085106383
TIC229791084,18.962927,69.570837,True,True,True,True,1.0,1.0
TIC233633993,18.984516,60.154455000000006,True,True,True,True,1.0,1.0
TIC230375747,19.001378,63.42983,True,True,True,True,1.0,1.0
TIC230377505,19.013707,60.233670999999994,True,True,True,True,1.0,1.0
TIC235678745,19.042435,75.418514,True,True,True,True,1.0,1.0
TIC230386259,19.048568,63.948848999999996,True,True,True,True,1.0,1.0
TIC230386397,19.052401,64.23025600000001,True,True,True,True,1.0,1.0
TIC230387153,19.061446,65.78567199999999,True,True,True,True,1.0,1.0
TIC377191482,19.062473999999998,59.164074,True,True,True,True,1.0,1.0
TIC362220495,19.081864000000003,79.755949,True,True,True,True,1.0,1.0
TIC405717754,19.082895999999998,50.040366999999996,True,True,True,False,1.0,0.7659574468085106
TIC377290815,19.106199,56.629312,True,True,True,True,1.0,1.0
TIC1718201850,19.116437,71.712195,True,True,True,True,1.0,1.0
TIC258777137,19.116476000000002,71.712375,True,True,True,True,1.0,1.0
TIC258777134,19.116525,71.7136,True,True,True,True,1.0,1.0
TIC399860444,19.120568,49.316421000000005,True,True,True,False,1.0,0.7287234042553191
TIC377293776,19.123604,59.086625,True,True,True,True,1.0,1.0
TIC258801269,19.135006,66.290697,True,True,True,True,1.0,1.0
TIC377304435,19.136677,55.303691,True,True,True,True,1.0,1.0
TIC416195870,19.149473,57.344126,True,True,True,True,1.0,1.0
TIC235683377,19.152807,74.174276,True,True,True,True,1.0,1.0
TIC258829450,19.177754999999998,66.76809300000001,True,True,True,True,1.0,1.0
TIC229938290,19.178734,64.153662,True,True,True,True,1.0,1.0
TIC158561566,19.180588,47.33305,True,True,True,False,1.0,0.6382978723404256
TIC258871793,19.192985999999998,66.32806500000001,True,True,True,True,1.0,1.0
TIC229940491,19.203301,63.657061,True,True,True,True,1.0,1.0
TIC284361752,19.207238,54.640427,True,True,True,True,1.0,1.0
TIC229944666,19.225665,62.203124,True,True,True,True,1.0,1.0
TIC229951289,19.245028,60.670947999999996,True,True,True,True,1.0,1.0
TIC421308357,19.25454,57.760569,True,True,True,True,1.0,1.0
TIC299158887,19.281753,49.548281,True,True,True,False,1.0,0.7446808510638298
TIC243313296,19.300889,56.236779000000006,True,True,True,True,1.0,1.0
TIC243335710,19.324107,59.670111999999996,True,True,True,True,1.0,1.0
TIC1884091865,19.340591,61.085446999999995,True,True,True,True,1.0,1.0
TIC420112589,19.344932,73.19510799999999,True,True,True,True,1.0,1.0
TIC420112587,19.344932,73.195993,True,True,True,True,1.0,1.0
TIC230001847,19.374660000000002,60.85390400000001,True,True,True,True,1.0,1.0
TIC284450803,19.380598000000003,56.615388,True,True,True,True,1.0,1.0
TIC235905185,19.391828,78.75421700000001,True,True,True,True,1.0,1.0
TIC417676622,19.402154,49.040213,True,True,True,False,1.0,0.723404255319149
TIC284477310,19.408398000000002,56.881296,True,True,True,True,1.0,1.0
TIC284475976,19.410826,55.473027,True,True,True,True,1.0,1.0
TIC259126549,19.427457,69.11298000000001,True,True,True,True,1.0,1.0
TIC230017324,19.431020999999998,61.776153,True,True,True,True,1.0,1.0
TIC230017325,19.431275,61.776068,True,True,True,True,1.0,1.0
TIC284564230,19.434935,58.51018199999999,True,True,True,True,1.0,1.0
TIC259129875,19.458682999999997,68.01469499999999,True,True,True,True,1.0,1.0
TIC26547036,19.477795999999998,53.487368999999994,True,True,True,False,1.0,0.9680851063829787
TIC352239069,19.479739000000002,58.614764,True,True,True,True,1.0,1.0
TIC424865156,19.483145999999998,47.969543,True,True,True,False,1.0,0.675531914893617
TIC259168516,19.487599,65.973802,True,True,True,True,1.0,1.0
TIC229400092,19.497255,62.529189,True,True,True,True,1.0,1.0
TIC287190564,19.500345000000003,54.108503000000006,True,True,True,True,1.0,1.0
TIC287196418,19.515609,59.403853000000005,True,True,True,True,1.0,1.0
TIC259172391,19.517849,71.49735799999999,True,True,True,True,1.0,1.0
TIC237201858,19.521554000000002,72.538317,True,True,True,True,1.0,1.0
TIC237200747,19.5355,74.89107299999999,True,True,True,True,1.0,1.0
TIC26880783,19.562904999999997,53.464527000000004,True,True,True,False,1.0,0.9680851063829787
TIC235937532,19.594307,81.55479100000001,True,True,True,True,1.0,1.0
TIC229455001,19.619405,60.881302000000005,True,True,True,True,1.0,1.0
TIC237211410,19.62507,74.78231,True,True,True,True,1.0,1.0
TIC264171144,19.626011,66.971432,True,True,True,True,1.0,1.0
TIC400430915,19.692148,57.325664,True,True,True,True,1.0,1.0
TIC235943205,19.728516,78.72591899999999,True,True,True,True,1.0,1.0
TIC237222864,19.749641,74.06285799999999,True,True,True,True,1.0,1.0
TIC229490898,19.750487,64.791904,True,True,True,True,1.0,1.0
TIC264303333,19.757,67.310971,True,True,True,True,1.0,1.0
TIC258389327,19.780686,70.071943,True,True,True,True,1.0,1.0
TIC229510866,19.814388,64.354351,True,True,True,True,1.0,1.0
TIC237232044,19.826579000000002,76.139178,True,True,True,True,1.0,1.0
TIC280031353,19.827745999999998,68.883354,True,True,True,True,1.0,1.0
TIC28230919,19.847343,48.081831,True,True,True,False,1.0,0.6861702127659575
TIC267489265,19.918751999999998,54.781448,True,True,True,True,1.0,1.0
TIC405763009,19.962683,56.971091,True,True,True,True,1.0,1.0
TIC256621916,20.032559,60.246367000000006,True,True,True,True,1.0,1.0
TIC293954617,20.04103,53.377442,True,True,True,False,1.0,0.973404255319149
TIC294176967,20.053673999999997,52.040842,True,True,True,False,1.0,0.8936170212765957
TIC294179389,20.055909,53.29561999999999,True,True,True,False,1.0,0.9680851063829787
TIC294179385,20.056154,53.29418100000001,True,True,True,False,1.0,0.9680851063829787
TIC233390838,20.103951000000002,59.490770999999995,True,True,True,True,1.0,1.0
TIC405904232,20.104175,52.164181,True,True,True,False,1.0,0.898936170212766
TIC294471966,20.13343,51.361796000000005,True,True,True,False,1.0,0.8563829787234043
TIC269701147,20.135042000000002,66.850301,True,True,True,True,1.0,1.0
TIC402898317,20.182502,70.869653,True,True,True,True,1.0,1.0
TIC236887394,20.225458,65.16233100000001,True,True,True,True,1.0,1.0
TIC236934268,20.284442000000002,65.15384399999999,True,True,True,True,1.0,1.0
TIC236934937,20.286604,65.87155899999999,True,True,True,True,1.0,1.0
TIC258510872,20.311015,66.15595400000001,True,True,True,True,1.0,1.0
TIC233953967,20.359676999999998,56.462656,True,True,True,True,1.0,1.0
TIC233951353,20.36086,58.140828000000006,True,True,True,True,1.0,1.0
TIC258514800,20.364995,70.94370500000001,True,True,True,True,1.0,1.0
TIC364074068,20.421917999999998,77.63641199999999,True,True,True,True,1.0,1.0
TIC277014266,20.428389000000003,53.561615,True,True,True,False,1.0,0.9893617021276596
TIC237071229,20.468183,61.871411,True,True,True,True,1.0,1.0
TIC237086564,20.493102,61.550725,True,True,True,True,1.0,1.0
TIC276380902,20.537717999999998,58.328901,True,True,True,True,1.0,1.0
TIC387259626,20.578019,66.440384,True,True,True,True,1.0,1.0
TIC352764091,20.583175,63.474938,True,True,True,True,1.0,1.0
TIC387260717,20.623255,70.954088,True,True,True,True,1.0,1.0
TIC416624606,20.669204,50.323741999999996,True,True,True,False,1.0,0.8138297872340425
TIC315755496,20.688758,82.43530200000001,True,True,True,True,1.0,1.0
TIC277507814,20.730241,59.576628,True,True,True,True,1.0,1.0
TIC277566483,20.746305,54.502161,True,True,True,True,1.0,1.0
TIC387413037,20.749102,69.15180699999999,True,True,True,True,1.0,1.0
TIC267561446,20.767577,56.86715,True,True,True,True,1.0,1.0
TIC365683032,20.811997,51.910696,True,True,True,False,1.0,0.9042553191489362
TIC387527558,20.821804999999998,70.796604,True,True,True,True,1.0,1.0
TIC365733349,20.877802,65.608783,True,True,True,True,1.0,1.0
TIC365673804,20.889277,64.229166,True,True,True,True,1.0,1.0
TIC364186197,20.900736,72.580646,True,True,True,True,1.0,1.0
TIC367102581,20.951269,78.67491700000001,True,True,True,True,1.0,1.0
TIC330468175,21.01108,47.785990999999996,True,True,True,False,1.0,0.6968085106382979
TIC387834907,21.044607,70.0803,True,True,True,True,1.0,1.0
TIC375506058,21.080246,55.588021999999995,True,True,True,True,1.0,1.0
TIC343628284,21.088267000000002,57.771094999999995,True,True,True,True,1.0,1.0
TIC265146266,21.126179999999998,74.383252,True,True,True,True,1.0,1.0
TIC357972447,21.130387,50.500883,True,True,True,False,1.0,0.8351063829787234
TIC358631536,21.171697,48.464282,True,True,True,False,1.0,0.7340425531914894
TIC367099243,21.181946,72.615356,True,True,True,True,1.0,1.0
TIC388076005,21.20332,68.05247,True,True,True,True,1.0,1.0
TIC313761775,21.223172,56.943732,True,True,True,True,1.0,1.0
TIC314338017,21.276332,58.772808999999995,True,True,True,True,1.0,1.0
TIC275501623,21.341074,61.12025,True,True,True,True,1.0,1.0
TIC277447970,21.388634,52.8147,True,True,True,False,1.0,0.9680851063829787
TIC321688498,21.439972,68.64053100000001,True,True,True,True,1.0,1.0
TIC316402246,21.464899,54.51981800000001,True,True,True,True,1.0,1.0
TIC416987878,21.526142999999998,50.320713,True,True,True,False,1.0,0.8351063829787234
TIC321857016,21.529454,66.349005,True,True,True,True,1.0,1.0
TIC387664866,21.569907999999998,50.481445,True,True,True,False,1.0,0.8404255319148937
TIC387664868,21.570024,50.481865,True,True,True,False,1.0,0.8404255319148937
TIC365389353,21.590975,51.323577,True,True,True,False,1.0,0.8882978723404256
TIC322054600,21.591345,68.987307,True,True,True,True,1.0,1.0
TIC316468545,21.593885999999998,65.437536,True,True,True,True,1.0,1.0
TIC322062001,21.615924,69.283946,True,True,True,True,1.0,1.0
TIC405794804,21.647627,65.039172,True,True,True,True,1.0,1.0
TIC395171208,21.667635999999998,48.406766999999995,True,True,True,False,1.0,0.7446808510638298
TIC322202434,21.688337,68.807202,True,True,True,True,1.0,1.0
TIC331034236,21.739434,58.551567000000006,True,True,True,True,1.0,1.0
TIC264544388,21.762559,79.613939,True,True,True,True,1.0,1.0
TIC408636441,21.790111,62.753816,True,True,True,True,1.0,1.0
TIC384045439,21.818396,53.29376800000001,True,True,True,True,1.0,1.0
TIC410528770,21.88106,60.56915600000001,True,True,True,True,1.0,1.0
TIC276360911,21.936897000000002,55.740977,True,True,True,True,1.0,1.0
TIC350132371,21.939424,68.998035,True,True,True,True,1.0,1.0
TIC470127886,22.074521,81.565951,True,True,True,True,1.0,1.0
TIC372264750,22.087176,66.775296,True,True,True,True,1.0,1.0
TIC326114850,22.104661,52.701917,True,True,True,False,1.0,0.9787234042553191
TIC328167090,22.110898000000002,55.686255,True,True,True,True,1.0,1.0
TIC334811204,22.113451,63.59904399999999,True,True,True,True,1.0,1.0
TIC328750515,22.152473999999998,57.938972,True,True,True,True,1.0,1.0
TIC329148988,22.170884,58.706093,True,True,True,True,1.0,1.0
TIC335483600,22.174243,63.55055,True,True,True,True,1.0,1.0
TIC329277372,22.175359,57.282429,True,True,True,True,1.0,1.0
TIC329145325,22.180838,59.65055400000001,True,True,True,True,1.0,1.0
TIC430528566,22.211435,52.901084999999995,True,True,True,False,1.0,0.9893617021276596
TIC329864959,22.216336,53.984519999999996,True,True,True,True,1.0,1.0
TIC470159478,22.220782,81.739729,True,True,True,True,1.0,1.0
TIC430677414,22.244647,53.239557,True,True,True,True,1.0,1.0
TIC343019899,22.300273999999998,54.319044999999996,True,True,True,True,1.0,1.0
TIC336740528,22.315904,61.148988,True,True,True,True,1.0,1.0
TIC431148743,22.332086999999998,53.662496999999995,True,True,True,True,1.0,1.0
TIC395142888,22.35339,59.560814,True,True,True,True,1.0,1.0
TIC375850439,22.419669,67.971168,True,True,True,True,1.0,1.0
TIC197650870,22.447004999999997,52.227841999999995,True,True,True,False,1.0,0.9574468085106383
TIC414870287,22.458178,59.43379,True,True,True,True,1.0,1.0
TIC468845640,22.522273000000002,53.796052,True,True,True,True,1.0,1.0
TIC452803785,22.562336,52.636337,True,True,True,False,1.0,0.9840425531914894
TIC64553698,22.563531,57.563539,True,True,True,True,1.0,1.0
TIC64836837,22.586435,55.031026000000004,True,True,True,True,1.0,1.0
TIC428065977,22.608025,52.115714000000004,True,True,True,False,1.0,0.9521276595744681
TIC415741431,22.609623000000003,58.276061,True,True,True,True,1.0,1.0
TIC249812036,22.652369,49.426562,True,True,True,False,1.0,0.8138297872340425
TIC455962313,22.669106,65.439728,True,True,True,True,1.0,1.0
TIC376637093,22.672307999999997,69.503731,True,True,True,True,1.0,1.0
TIC376682699,22.690151,69.07444699999999,True,True,True,True,1.0,1.0
TIC431156009,22.693051999999998,51.965284999999994,True,True,True,False,1.0,0.9468085106382979
TIC376838000,22.72731,69.091928,True,True,True,True,1.0,1.0
TIC66445643,22.759087,48.161556,True,True,True,False,1.0,0.7553191489361702
TIC343442463,22.767915,55.162935,True,True,True,True,1.0,1.0
TIC377420580,22.797649,60.173632,True,True,True,True,1.0,1.0
TIC66783360,22.79806,49.918071999999995,True,True,True,False,1.0,0.8404255319148937
TIC377144784,22.829595,68.251071,True,True,True,True,1.0,1.0
TIC67309890,22.87708,48.55001,True,True,True,False,1.0,0.776595744680851
TIC371673488,22.882214,59.850951,True,True,True,True,1.0,1.0
TIC389182138,22.909004,54.161814,True,True,True,True,1.0,1.0
TIC427320001,22.923622,70.29729,True,True,True,True,1.0,1.0
TIC252490659,22.957319000000002,53.140834999999996,True,True,True,True,1.0,1.0
TIC434718964,23.032538,64.067337,True,True,True,True,1.0,1.0
TIC252616865,23.066325,52.562695,True,True,True,False,1.0,0.9893617021276596
TIC252636888,23.101218,52.787014,True,True,True,True,1.0,1.0
TIC314835525,23.127321,56.694513,True,True,True,True,1.0,1.0
TIC283722336,23.222479999999997,57.169626,True,True,True,True,1.0,1.0
TIC377739433,23.238279000000002,65.957972,True,True,True,True,1.0,1.0
TIC417705690,23.240502,76.93432,True,True,True,True,1.0,1.0
TIC427654774,23.285938,70.19057600000001,True,True,True,True,1.0,1.0
TIC422656370,23.311472,68.299217,True,True,True,True,1.0,1.0
TIC318746829,23.314575,56.008598,True,True,True,True,1.0,1.0
TIC317397615,23.319754999999997,75.017864,True,True,True,True,1.0,1.0
TIC319068154,23.340588,55.52411,True,True,True,True,1.0,1.0
TIC269238073,23.348848999999998,62.161179000000004,True,True,True,True,1.0,1.0
TIC428988981,23.350209,79.44178199999999,True,True,True,True,1.0,1.0
TIC269509393,23.358253,60.175637,True,True,True,True,1.0,1.0
TIC317507345,23.411648,77.627113,True,True,True,True,1.0,1.0
TIC270238522,23.443228,64.304699,True,True,True,True,1.0,1.0
TIC174302697,23.478574,47.349521,True,True,True,False,1.0,0.7340425531914894
TIC427761355,23.484501,67.034806,True,True,True,True,1.0,1.0
TIC345143460,23.683115,57.48524200000001,True,True,True,True,1.0,1.0
TIC272049972,23.694444,62.921485,True,True,True,True,1.0,1.0
TIC272625214,23.754572,62.142699,True,True,True,True,1.0,1.0
TIC272828463,23.772589,60.487025,True,True,True,True,1.0,1.0
TIC366074069,23.784705,69.049522,True,True,True,True,1.0,1.0
TIC177244357,23.799713,47.655601000000004,True,True,True,False,1.0,0.7553191489361702
TIC431514478,23.800085,49.790533,True,True,True,False,1.0,0.8563829787234043
TIC470709084,23.82454,61.682818999999995,True,True,True,True,1.0,1.0
TIC431585347,23.844935999999997,50.354962,True,True,True,False,1.0,0.8882978723404256
TIC378291076,23.880909,61.36026,True,True,True,True,1.0,1.0
TIC378355116,23.883226,60.481667,True,True,True,True,1.0,1.0
TIC470852531,23.982745,61.554089000000005,True,True,True,True,1.0,1.0
TIC265460043,23.990207,68.384119,True,True,True,True,1.0,1.0
